[{"pk": 14, "model": "instruments.instrumentcategory", "fields": {"ordering": 1, "slug": "ance", "modified": "2012-02-19 13:47:20", "name": "Ance", "created": "2012-02-19 13:47:20"}}, {"pk": 17, "model": "instruments.instrumentcategory", "fields": {"ordering": 2, "slug": "ottoni", "modified": "2012-02-19 13:58:29", "name": "Ottoni", "created": "2012-02-19 13:58:29"}}, {"pk": 18, "model": "instruments.instrumentcategory", "fields": {"ordering": 3, "slug": "percussioni", "modified": "2012-02-19 13:59:40", "name": "Percussioni", "created": "2012-02-19 13:59:40"}}, {"pk": 37, "model": "instruments.instrumenttype", "fields": {"category": 17, "name": "Corno", "created": "2012-02-19 13:58:58", "ordering": 10, "modified": "2012-03-05 07:18:08", "slug": "corno"}}, {"pk": 26, "model": "instruments.instrumenttype", "fields": {"category": 14, "name": "Ottavino", "created": "2012-02-19 13:54:49", "ordering": 10, "modified": "2012-03-05 07:18:08", "slug": "ottavino"}}, {"pk": 46, "model": "instruments.instrumenttype", "fields": {"category": 18, "name": "Percussioni (generico)", "created": "2012-02-19 14:00:46", "ordering": 10, "modified": "2012-03-05 07:18:08", "slug": "percussioni-generico"}}, {"pk": 38, "model": "instruments.instrumenttype", "fields": {"category": 17, "name": "Tromba", "created": "2012-02-19 13:59:02", "ordering": 20, "modified": "2012-03-05 07:18:08", "slug": "tromba"}}, {"pk": 27, "model": "instruments.instrumenttype", "fields": {"category": 14, "name": "Flauto", "created": "2012-02-19 13:57:45", "ordering": 20, "modified": "2012-03-05 07:18:08", "slug": "flauto"}}, {"pk": 43, "model": "instruments.instrumenttype", "fields": {"category": 18, "name": "Batteria", "created": "2012-02-19 14:00:10", "ordering": 20, "modified": "2012-03-05 07:18:08", "slug": "batteria"}}, {"pk": 39, "model": "instruments.instrumenttype", "fields": {"category": 17, "name": "Euphonium", "created": "2012-02-19 13:59:11", "ordering": 30, "modified": "2012-03-05 07:18:08", "slug": "euphonium"}}, {"pk": 29, "model": "instruments.instrumenttype", "fields": {"category": 14, "name": "Clarinetto Piccolo", "created": "2012-02-19 13:58:01", "ordering": 30, "modified": "2012-03-05 07:18:08", "slug": "clarinetto-piccolo"}}, {"pk": 44, "model": "instruments.instrumenttype", "fields": {"category": 18, "name": "Tastiere", "created": "2012-02-19 14:00:16", "ordering": 30, "modified": "2012-03-05 07:18:08", "slug": "tastiere"}}, {"pk": 45, "model": "instruments.instrumenttype", "fields": {"category": 18, "name": "Timpani", "created": "2012-02-19 14:00:21", "ordering": 40, "modified": "2012-03-05 07:18:08", "slug": "timpani"}}, {"pk": 28, "model": "instruments.instrumenttype", "fields": {"category": 14, "name": "Clarinetto", "created": "2012-02-19 13:57:49", "ordering": 40, "modified": "2012-03-05 07:18:08", "slug": "clarinetto"}}, {"pk": 40, "model": "instruments.instrumenttype", "fields": {"category": 17, "name": "Trombone", "created": "2012-02-19 13:59:22", "ordering": 40, "modified": "2012-03-05 07:18:08", "slug": "trombone"}}, {"pk": 41, "model": "instruments.instrumenttype", "fields": {"category": 17, "name": "Trombone Basso", "created": "2012-02-19 13:59:26", "ordering": 50, "modified": "2012-03-05 07:18:08", "slug": "trombone-basso"}}, {"pk": 30, "model": "instruments.instrumenttype", "fields": {"category": 14, "name": "Oboe", "created": "2012-02-19 13:58:11", "ordering": 50, "modified": "2012-03-05 07:18:08", "slug": "oboe"}}, {"pk": 31, "model": "instruments.instrumenttype", "fields": {"category": 14, "name": "Fagotto", "created": "2012-02-19 13:58:16", "ordering": 60, "modified": "2012-03-05 07:18:08", "slug": "fagotto"}}, {"pk": 42, "model": "instruments.instrumenttype", "fields": {"category": 17, "name": "Tuba", "created": "2012-02-19 13:59:29", "ordering": 60, "modified": "2012-03-05 07:18:08", "slug": "tuba"}}, {"pk": 32, "model": "instruments.instrumenttype", "fields": {"category": 14, "name": "Clarinetto Basso", "created": "2012-02-19 13:58:22", "ordering": 70, "modified": "2012-03-05 07:18:08", "slug": "clarinetto-basso"}}, {"pk": 33, "model": "instruments.instrumenttype", "fields": {"category": 14, "name": "Sax Soprano", "created": "2012-02-19 13:58:34", "ordering": 80, "modified": "2012-03-05 07:18:08", "slug": "sax-soprano"}}, {"pk": 34, "model": "instruments.instrumenttype", "fields": {"category": 14, "name": "Sax Contralto", "created": "2012-02-19 13:58:39", "ordering": 90, "modified": "2012-03-05 07:18:08", "slug": "sax-contralto"}}, {"pk": 35, "model": "instruments.instrumenttype", "fields": {"category": 14, "name": "Sax Tenore", "created": "2012-02-19 13:58:43", "ordering": 100, "modified": "2012-03-05 07:18:08", "slug": "sax-tenore"}}, {"pk": 36, "model": "instruments.instrumenttype", "fields": {"category": 14, "name": "Sax Baritono", "created": "2012-02-19 13:58:48", "ordering": 110, "modified": "2012-03-05 07:18:08", "slug": "sax-baritono"}}, {"pk": 11, "model": "instruments.instrumentmanufacturer", "fields": {"slug": "bach", "modified": "2012-02-19 14:02:30", "name": "Bach", "created": "2012-02-19 14:02:30"}}, {"pk": 12, "model": "instruments.instrumentmanufacturer", "fields": {"slug": "buffet-crampon", "modified": "2012-02-23 17:21:52", "name": "Buffet Crampon", "created": "2012-02-23 17:21:36"}}, {"pk": 10, "model": "instruments.instrumentmanufacturer", "fields": {"slug": "selmer", "modified": "2012-02-19 14:02:02", "name": "Selmer", "created": "2012-02-19 14:02:02"}}, {"pk": 9, "model": "instruments.instrumentmanufacturer", "fields": {"slug": "yamaha", "modified": "2012-02-19 14:01:07", "name": "Yamaha", "created": "2012-02-19 14:01:07"}}, {"pk": 5, "model": "instruments.instrumentmodel", "fields": {"name": "Stradivarius 37", "created": "2012-02-19 14:03:00", "modified": "2012-02-19 14:03:00", "type": 38, "slug": "stradivarius-37", "manufacturer": 11}}, {"pk": 4, "model": "instruments.instrumentmodel", "fields": {"name": "E10", "created": "2012-02-19 14:01:47", "modified": "2012-02-23 17:21:45", "type": 28, "slug": "e10", "manufacturer": 12}}, {"pk": 19, "model": "instruments.instrument", "fields": {"code": "100000001", "created": "2012-03-01 21:51:54", "modified": "2012-03-02 17:55:27", "slug": "-100000000", "model": 5, "date_of_purchase": "2012-03-30"}}, {"pk": 15, "model": "instruments.instrument", "fields": {"code": "2123123", "created": "2012-03-01 21:45:25", "modified": "2012-03-01 21:45:25", "slug": "2123123", "model": 4, "date_of_purchase": "2012-03-01"}}, {"pk": 13, "model": "instruments.instrument", "fields": {"code": "234234235", "created": "2012-02-23 22:29:10", "modified": "2012-02-23 22:29:10", "slug": "234234235", "model": 4, "date_of_purchase": "2012-02-08"}}, {"pk": 6, "model": "instruments.instrument", "fields": {"code": "RX0293-123 B2", "created": "2012-02-20 17:55:45", "modified": "2012-02-20 20:52:11", "slug": "rx0293-123-b2", "model": 4, "date_of_purchase": "2011-12-06"}}, {"pk": 29, "model": "instruments.instrumenthistory", "fields": {"created": "2012-03-03 11:19:37", "event_id": 1, "date_end": null, "date_start": "2012-03-08", "modified": "2012-03-03 11:19:45", "object_id": 1, "instrument": 15, "content_type": 24, "notes": "", "condition": "bellissima"}}, {"pk": 28, "model": "instruments.instrumenthistory", "fields": {"created": "2012-03-03 11:19:18", "event_id": 2, "date_end": null, "date_start": "2012-03-06", "modified": "2012-03-03 11:19:26", "object_id": null, "instrument": 15, "content_type": null, "notes": "", "condition": "asdasdasd"}}, {"pk": 27, "model": "instruments.instrumenthistory", "fields": {"created": "2012-03-02 18:04:56", "event_id": 1, "date_end": null, "date_start": "2012-03-02", "modified": "2012-03-02 20:41:54", "object_id": 1, "instrument": 19, "content_type": 24, "notes": "", "condition": "In buono stato"}}, {"pk": 18, "model": "instruments.instrumenthistory", "fields": {"created": "2012-02-23 19:41:05", "event_id": 2, "date_end": "2012-02-08", "date_start": "2012-02-03", "modified": "2012-02-24 17:23:35", "object_id": 1, "instrument": 6, "content_type": 24, "notes": "", "condition": ""}}, {"pk": 23, "model": "instruments.instrumenthistory", "fields": {"created": "2012-02-24 17:08:09", "event_id": 1, "date_end": null, "date_start": "2012-02-02", "modified": "2012-02-24 17:08:09", "object_id": 1, "instrument": 6, "content_type": 24, "notes": "", "condition": ""}}, {"pk": 22, "model": "instruments.instrumenthistory", "fields": {"created": "2012-02-24 17:07:28", "event_id": 1, "date_end": null, "date_start": "2012-02-02", "modified": "2012-02-24 17:07:28", "object_id": 1, "instrument": 6, "content_type": 24, "notes": "", "condition": ""}}, {"pk": 24, "model": "instruments.instrumenthistory", "fields": {"created": "2012-02-24 17:22:34", "event_id": 1, "date_end": null, "date_start": "2012-02-01", "modified": "2012-02-24 18:48:59", "object_id": 1, "instrument": 13, "content_type": 24, "notes": "not", "condition": "cond"}}]